instanceNumber,instanceUUID,expositionEventLineCount,syntaxErrors,syntaxErrorRate,conversionErrors,conversionErrorRate,structuralErrors,structuralErrorRate,totalErrors,totalErrorRate,syntaxWarnings,syntaxWarningRate
193,6eaae411-7654-40dd-b0c9-154d7c508deb,1422,0,0,0,0,0,0,0,0,0,0
214,9d841aed-f819-46c9-b0bf-4b39913aa379,1709,0,0,0,0,0,0,0,0,0,0
259,2e50da38-4050-48a3-9988-af7740a3576c,1426,0,0,0,0,0,0,0,0,0,0
260,fa93607b-91b6-4829-a30a-38ce857c98e0,238,0,0,0,0,0,0,0,0,0,0
262,48e76358-031e-4362-be2e-b45ba3d46a15,788,0,0,0,0,0,0,0,0,0,0
266,563fd2c1-7004-4d72-bcbe-8fa61638765e,226,0,0,0,0,0,0,0,0,0,0
361,683a7c77-4cfa-452d-a3f8-5223054dc95e,192,0,0,0,0,0,0,0,0,0,0
377,ed48d3b0-68ff-4ca9-98f0-29cef0f8a935,1503,0,0,0,0,0,0,0,0,0,0
378,a14acf30-2380-48c6-b9cb-1db0b7d0991b,85,0,0,0,0,0,0,0,0,0,0
384,463b4eba-2b84-47db-a44d-51abbbcd9774,354,0,0,0,0,0,0,0,0,0,0
424,39190877-f633-4e92-885b-475bc0437bff,85,0,0,0,0,0,0,0,0,0,0
449,d890c998-fa2e-4c0d-ab6c-5d139bdfbf1e,136,0,0,0,0,0,0,0,0,0,0
457,23364b56-8329-4846-b577-a4e0c3a361b9,558,0,0,0,0,0,0,0,0,0,0
460,dbe63fde-b9fb-4f6a-8800-8ce2f0bb0c4e,454,0,0,0,0,0,0,0,0,0,0
461,868fbb3e-6893-475c-b356-a1560eaee34e,157,0,0,0,0,0,0,0,0,0,0
558,f229f768-8398-4682-ba3a-d89e8b368dcf,2357,0,0,0,0,0,0,0,0,0,0
559,bdbfcd92-4826-4f6e-94be-f4ada972431b,714,0,0,0,0,0,0,0,0,0,0
561,4bfe37d8-a49f-40fc-aba4-0faeafa7dee0,2786,0,0,0,0,0,0,0,0,0,0
664,5a5f679b-8a8b-42c4-bdfc-590f0ef8f3bc,309,0,0,0,0,0,0,0,0,0,0
665,69a2b8a4-0f4d-4979-b1eb-49a3a275bf6d,489,0,0,0,0,0,0,0,0,0,0
694,7763b5e0-b096-4922-a391-1a571022ec0a,233,0,0,0,0,0,0,0,0,0,0
845,3e0e6a88-c6fd-4111-ae10-b9cbab835942,441,0,0,0,0,0,0,0,0,0,0
849,9402007c-03ae-49b5-a84a-6fa33844bdc9,1458,0,0,0,0,0,0,0,0,0,0
850,e7b5f2a1-594e-4e8d-a0e1-1e7248847acf,469,0,0,0,0,0,0,0,0,0,0
852,e51f9c86-cb83-434b-856f-b3f9bd6d150c,306,0,0,0,0,0,0,0,0,0,0
853,74122697-e69f-44b3-b76c-b72c45260fee,2144,0,0,0,0,0,0,0,0,0,0
860,d0ccdd9b-910c-41a6-869f-55741de51f6e,213,0,0,0,0,0,0,0,0,0,0
890,2d12be59-d56a-4cac-b562-b098dfac58ae,143,0,0,0,0,0,0,0,0,0,0
914,d38c08ba-29de-4642-8779-16345c743732,997,0,0,0,0,0,0,0,0,0,0
920,c48559e2-d252-4045-8217-8261e8ed6fbf,171,0,0,0,0,0,0,0,0,0,0
926,3ee4c362-1876-4b80-84a1-825d7ffdab72,174,0,0,0,0,0,0,0,0,0,0
930,10208187-7fb4-45c1-a448-75160364a551,513,0,0,0,0,0,0,0,0,0,0
967,de4282c7-1b9f-4a45-8748-c5b81631e150,972,0,0,0,0,0,0,0,0,0,0
972,57bd7924-f189-4940-a0f3-624cd6a6d94d,231,0,0,0,0,0,0,0,0,0,0
975,ade117cc-e262-4b60-aeac-1c184358030b,654,0,0,0,0,0,0,0,0,0,0
1021,236f8c6a-03c9-45d6-b724-1c0423b2351f,117,0,0,0,0,0,0,0,0,0,0
1039,edb5ba63-6c1f-4359-be8a-e62654230436,6484,0,0,0,0,0,0,0,0,0,0
1046,3d500103-70b9-494e-a067-8daf0758c613,579,0,0,0,0,0,0,0,0,0,0
1047,c8920c72-42df-47b3-a6eb-e5caa1060013,162,0,0,0,0,0,0,0,0,0,0
1055,84e0492e-ec84-40df-bbe1-0a4a80768db9,1057,0,0,0,0,0,0,0,0,0,0
1069,d2dd54c1-4ace-4c51-99a5-8cea2b71479f,131,0,0,0,0,0,0,0,0,0,0
1086,cf69d51d-f4b7-46d8-925b-bd6b7b6ec882,371,0,0,0,0,0,0,0,0,0,0
1087,05192edb-67a1-4c30-a65e-f6b039715501,1654,0,0,0,0,0,0,0,0,0,0
1091,ef9eb6a1-3b33-4278-82f5-be5039fd856c,84,0,0,0,0,0,0,0,0,0,0
1098,7db339ef-981f-4c7b-93a6-e8e5af742ec8,111,0,0,0,0,0,0,0,0,0,0
1118,88f8b6fe-d6f7-46c4-9c6b-fe805430a1e1,93,0,0,0,0,0,0,0,0,0,0
1123,2c6c6152-1a02-4f45-8089-fd6d454ffa50,965,0,0,0,0,0,0,0,0,0,0
1124,b3d9a3e6-abc2-43a1-8fce-73f661aef841,4174,0,0,0,0,0,0,0,0,0,0
1126,e4b55d14-0d28-4ddf-8998-dc1ffe776aee,155,0,0,0,0,0,0,0,0,0,0
1132,31d52a6a-960d-4061-92b9-e25dbc55591f,207,0,0,0,0,0,0,0,0,0,0
1133,3405ddd8-225e-48ad-a4b1-ef44fc23a19a,119,0,0,0,0,0,0,0,0,0,0
1134,14b7b178-4c16-43fa-8de6-3e372084a3e7,94,0,0,0,0,0,0,0,0,0,0
1258,39ddbb1e-6513-4b04-abad-e546c53f4370,452,0,0,0,0,0,0,0,0,0,0
1266,a0ffa6ca-a355-4f4f-9a7c-9a5803079674,1183,0,0,0,0,0,0,0,0,0,0
1314,28ec06e6-1dac-475b-99ab-53629f9d0778,1431,0,0,0,0,0,0,0,0,0,0
1317,ab14d3cf-124e-449c-a93f-a4450d71f7c3,1581,0,0,0,0,0,0,0,0,0,0
1388,a12b2f34-c1e9-4bda-9aa4-4fc58d22aac6,559,0,0,0,0,0,0,0,0,0,0
1393,8197db8a-44e2-4d3d-8ead-abfd08c17fa9,7839,0,0,0,0,0,0,0,0,0,0
1465,23f2cfb2-50b6-445f-a6ba-612191c76d7d,3979,0,0,0,0,0,0,0,0,0,0
1467,1f32ae2c-49a6-4a26-8a17-dfc7f3399d67,484,0,0,0,0,0,0,0,0,0,0
1510,384ea332-70e3-4837-965e-c674a8026834,265,0,0,0,0,0,0,0,0,0,0
1523,7536b262-c50d-4763-a267-d0e8a9e326e4,1470,0,0,0,0,0,0,0,0,0,0
1524,b920a793-b30d-4e63-900f-66b34d9e1e71,2225,0,0,0,0,0,0,0,0,0,0
1527,a032d4bd-ea86-44b4-bf11-77c6ff4a976e,484,0,0,0,0,0,0,0,0,0,0
1528,1f8e6dce-34fc-4289-9583-ea8a57ee95ae,1516,0,0,0,0,0,0,0,0,0,0
1529,772c08c0-deff-4432-9eaa-9b59b0a57916,251,0,0,0,0,0,0,0,0,0,0
1567,e6d13215-2eea-407f-ad1c-20b989f57394,316,0,0,0,0,0,0,0,0,0,0
1568,8b849cbd-94f1-4781-acc9-f1c28b4cf8db,4321,0,0,0,0,0,0,0,0,0,0
1574,430c4e3e-ead8-480e-9654-ca57e2486d90,1245,0,0,0,0,0,0,0,0,0,0
1606,357c93c1-6744-41f8-87e1-02235f1f91b6,635,0,0,0,0,0,0,0,0,0,0
2181,d41f711b-e8ac-4362-949a-5ec9f2573e11,2350,0,0,0,0,0,0,0,0,0,0
3833,97b0678c-ab1d-440f-b215-5caf19ceb921,486,0,0,0,0,0,0,0,0,0,0
4807,eb7fd8b3-341f-4382-a14f-cb283afcb6d5,203,0,0,0,0,0,0,0,0,0,0
4906,43070dd2-55ff-42a6-a030-cbb48b95b84e,333,0,0,0,0,0,0,0,0,0,0
4908,04c8a558-518d-4846-bb4c-af260988f56a,1800,0,0,0,0,0,0,0,0,0,0
4913,0469dd49-5ae0-4224-bc36-5250f80c2a68,4944,0,0,0,0,0,0,0,0,0,0
5035,d1f4e2b0-201a-44c6-887d-0aa88ad9a347,1172,0,0,0,0,0,0,0,0,0,0
5040,ab5f091a-c6cf-4a40-b987-1d1fbe649b0c,365,0,0,0,0,0,0,0,0,0,0
5044,0538d76d-7f0e-483a-97ba-1b1001be5191,210,0,0,0,0,0,0,0,0,0,0
5045,d46e6cf4-1b8b-4dfb-9b34-fe2ebc4f396a,1955,0,0,0,0,0,0,0,0,0,0
5049,f71a842c-1686-44ed-a056-40542c3a5355,5462,0,0,0,0,0,0,0,0,0,0
5050,63be87ed-a212-43c3-a92f-7ab4855e2c8c,497,0,0,0,0,0,0,0,0,0,0
5053,ffb170f1-5a74-4206-aaf1-58f8d5fa1ecd,5901,0,0,0,0,0,0,0,0,0,0
5055,1466eb54-46fc-4465-b3cc-588e3d801870,578,0,0,0,0,0,0,0,0,0,0
5128,9556aa6c-1fe2-4258-a6dd-a9853ff821c9,774,0,0,0,0,0,0,0,0,0,0
5130,cc470b69-3f2d-4c71-8cf1-a48ebc00c536,130,0,0,0,0,0,0,0,0,0,0
5693,a2a36b0c-b547-4cff-b2ff-054a17273a8a,145,0,0,0,0,0,0,0,0,0,0
5814,4a372421-4fd1-4811-8282-61fa747ff342,545,0,0,0,0,0,0,0,0,0,0
5820,3d59eeac-7bb0-4e10-b2f2-178b27bd2308,3176,0,0,0,0,0,0,0,0,0,0
5898,2551ab5b-354f-4a7e-bcb7-17b0b037a98b,239,0,0,0,0,0,0,0,0,0,0
5919,3826c470-ed34-44b7-b759-3d8718489c9d,589,0,0,0,0,0,0,0,0,0,0
6098,9af747b6-5dbe-448e-936a-386da4077fd5,2200,0,0,0,0,0,0,0,0,0,0
6269,8de16511-3a83-458f-9aae-c60c97b2e19e,184,0,0,0,0,0,0,0,0,0,0
6547,2a84296b-3fbd-41ca-bac3-7c16beb20266,1311,0,0,0,0,0,0,0,0,0,0
6548,929c58b0-3cf5-4af2-bf6a-80a7130d9dc3,405,0,0,0,0,0,0,0,0,0,0
6550,480768ab-7ca4-4b92-ac70-6ef1928dd52f,800,0,0,0,0,0,0,0,0,0,0
6552,823b614a-0549-4b70-b5ed-8bcac6d6fae4,5133,0,0,0,0,0,0,0,0,0,0
6554,677010bf-d5eb-4625-9852-86492fff9aee,9705,0,0,0,0,0,0,0,0,0,0
6560,fb9d42d3-ebba-4981-b684-322355ec924c,5861,0,0,0,0,0,0,0,0,0,0
6561,4362bce6-d7dd-488e-876a-be67e2766c9f,222,0,0,0,0,0,0,0,0,0,0
6770,56b56104-acfe-4c8a-80d1-794fc05252c3,129,0,0,0,0,0,0,0,0,0,0
6775,ca4ede54-b24b-4d5c-af3e-8f1d5a8a635f,2957,0,0,0,0,0,0,0,0,0,0
6909,048ec31e-cc60-4a78-bcff-c61828c72abe,419,0,0,0,0,0,0,0,0,0,0
7400,da22af06-a305-46af-b165-967b9d448af8,157,0,0,0,0,0,0,0,0,0,0
7401,8fb8f17e-6ff2-4510-b2e7-de7161ee9c35,375,0,0,0,0,0,0,0,0,0,0
7402,bec5e7bb-41b6-4d0b-a76c-05031e057b07,2173,0,0,0,0,0,0,0,0,0,0
7414,a71054d0-7b6e-4213-b000-8350c5363322,1452,0,0,0,0,0,0,0,0,0,0
7491,4b12ae82-6898-4f3b-9337-37a4ba3848ba,145,0,0,0,0,0,0,0,0,0,0
7567,62473aee-5f38-4694-b539-3c9e1cd448b3,275,0,0,0,0,0,0,0,0,0,0
7676,0c8ebc71-8eaf-4f2a-9236-83805fdd21cb,871,0,0,0,0,0,0,0,0,0,0
9779,bc94e28f-dbe5-4a7a-915a-cb53ba8b49c2,815,0,0,0,0,0,0,0,0,0,0
9784,4027b319-0666-4cd5-8d80-93e5df437f22,995,0,0,0,0,0,0,0,0,0,0
9785,3c0fa5c4-287c-468f-b734-96a564cf37f4,188,0,0,0,0,0,0,0,0,0,0
9802,f99ee554-c847-461d-9f21-7d9270636135,374,0,0,0,0,0,0,0,0,0,0
9808,f96e6640-be11-4b2a-9e50-e94e2b6e8952,604,0,0,0,0,0,0,0,0,0,0
9934,00d880c6-c0a8-4453-ac4c-9a0c88173985,4123,0,0,0,0,0,0,0,0,0,0
10741,42c93e5c-4a16-4066-974a-0504bc4717c4,176,0,0,0,0,0,0,0,0,0,0
11540,868ba828-ee7b-444b-bcc5-bde1bacee38f,318,0,0,0,0,0,0,0,0,0,0
12312,cf68f98d-267a-4434-bd84-d7785add74b6,470,0,0,0,0,0,0,0,0,0,0
12314,6cff8425-e7f4-4b84-a5fd-cfd8f7ac6ff9,294,0,0,0,0,0,0,0,0,0,0
12315,d5041c8f-35ae-461f-b1b9-ce0ec952edcd,1125,0,0,0,0,0,0,0,0,0,0
12316,94ae04e3-e3e7-4af0-bc1d-7ca768d8ec9d,789,0,0,0,0,0,0,0,0,0,0
12317,427f0313-0280-4fa3-8a35-72009d4777a7,492,0,0,0,0,0,0,0,0,0,0
12318,e852a72e-f4ef-4ff6-a64f-c6ce16660758,549,0,0,0,0,0,0,0,0,0,0
12319,9a628f1c-df60-497f-a08d-d348f0b9da9f,475,0,0,0,0,0,0,0,0,0,0
12328,80ff63ee-7d8a-4cb2-a64d-8afe057de846,267,0,0,0,0,0,0,0,0,0,0
12376,d7a700c1-561f-4d93-9794-c04e48e63ece,728,0,0,0,0,0,0,0,0,0,0
12377,7932b11d-457a-44f0-a8ac-c3bc96176887,171,0,0,0,0,0,0,0,0,0,0
12505,15d17a0d-3789-4074-8246-940e83525085,6960,0,0,0,0,0,0,0,0,0,0
12919,8fa27131-0692-4737-94d1-fd7f2643d59f,152,0,0,0,0,0,0,0,0,0,0
14972,8e27df20-67ef-4dff-89b7-0b34ca44c29d,476,0,0,0,0,0,0,0,0,0,0
18184,90e5790a-d867-4508-8ca0-1db22e3b9d80,84,0,0,0,0,0,0,0,0,0,0
18195,0a154567-9431-4762-a946-8541cb06f58d,199,0,0,0,0,0,0,0,0,0,0
19044,2931f432-b090-4fbb-9464-97f923e7d173,179,0,0,0,0,0,0,0,0,0,0
25298,ca1f2ef6-70a1-41b0-a41a-5a8751dc00bb,612,0,0,0,0,0,0,0,0,0,0
25733,f2a67e02-d11d-4d68-9635-f00db4314a6f,497,0,0,0,0,0,0,0,0,0,0
25741,1afc119f-6951-4862-9906-9ea8f18cb4ef,221,0,0,0,0,0,0,0,0,0,0
25802,c2b24583-8313-4cd2-8047-6299686fe62e,102,0,0,0,0,0,0,0,0,0,0
64206,a99bd581-8185-4e85-bfea-664973d812d2,294,0,0,0,0,0,0,0,0,0,0
64207,5a5fe578-4987-443b-8d31-6b5dedf785eb,258,0,0,0,0,0,0,0,0,0,0
64300,cb8363cf-77a5-4450-9e4b-c370ca5580fb,151,0,0,0,0,0,0,0,0,0,0
64307,26616adb-57ef-4618-82a4-6d398273a4ee,1946,0,0,0,0,0,0,0,0,0,0
64331,3fdd0480-259c-4d11-bf0f-897d186755eb,129,0,0,0,0,0,0,0,0,0,0
64992,76625457-fcd5-4381-82ad-bf1a83157a8d,177,0,0,0,0,0,0,0,0,0,0
64998,ce912435-7d25-44d5-9230-fe355865ced6,112,0,0,0,0,0,0,0,0,0,0
65082,747e1a08-db01-47f8-8615-9e08d2a511b2,119,0,0,0,0,0,0,0,0,0,0
65138,2b309025-dd6a-4b2c-bbff-cde51df46ca5,1055,0,0,0,0,0,0,0,0,0,0
70783,00bb0554-bbf5-45af-b906-5edfd29ef9ba,151,0,0,0,0,0,0,0,0,0,0
73190,6d6e4139-8d99-4657-abe8-2e0b16bc828e,183,0,0,0,0,0,0,0,0,0,0
73227,3856549a-2b6a-4420-bb83-e6542805feae,84,0,0,0,0,0,0,0,0,0,0
73373,2321853f-7e1d-4d18-a316-7353895d7e03,428,0,0,0,0,0,0,0,0,0,0
73557,9c645f9d-06b4-42c9-8d3c-1e5f27a712a2,1406,0,0,0,0,0,0,0,0,0,0
73589,d49db69e-2042-46b6-bcb4-da8de847cc43,246,0,0,0,0,0,0,0,0,0,0
74966,ba362ef4-fbac-4d27-9002-4714b5ac43be,508,0,0,0,0,0,0,0,0,0,0
74971,609d1c6c-e9df-4336-832d-47e8eed1b459,264,0,0,0,0,0,0,0,0,0,0
74974,f2563c5e-8840-4c0d-b641-a5aa8422a6c3,613,0,0,0,0,0,0,0,0,0,0
74976,5d62f7d9-b5f9-4a82-bf28-72c0755e8c28,111,0,0,0,0,0,0,0,0,0,0
74988,46f1234f-4891-4ee3-aa5e-757ece2969c6,468,0,0,0,0,0,0,0,0,0,0
74992,1d860aeb-d018-4770-8619-9c3252f07398,154,0,0,0,0,0,0,0,0,0,0
74996,1e7dfb2b-67ff-4b76-ab78-f182dcd9d14b,216,0,0,0,0,0,0,0,0,0,0
75000,52d86c1c-c304-4e10-81f7-34b6de7f0b47,183,0,0,0,0,0,0,0,0,0,0
75001,2a7de27a-6c13-4471-b7e3-d958a995e0fb,2002,0,0,0,0,0,0,0,0,0,0
75015,03fe516d-e424-4321-bc92-9880e1adca24,1173,0,0,0,0,0,0,0,0,0,0
75048,ede0dff5-2e52-4bea-8e64-42714694c5e8,448,0,0,0,0,0,0,0,0,0,0
75050,ddbf9243-a428-4f0a-9bec-896e8204bb5c,262,0,0,0,0,0,0,0,0,0,0
75605,a1f624f1-b64d-45c1-be97-e4ec34733176,135,0,0,0,0,0,0,0,0,0,0
75608,1db0cfc7-c934-4d5a-81b3-96a427bf9371,1494,0,0,0,0,0,0,0,0,0,0
76385,f9e60f44-8c29-484a-9660-9fa761c3d102,144,0,0,0,0,0,0,0,0,0,0
76397,7ea4d238-0cf4-447d-b0a5-a9fa5828e9fd,1414,0,0,0,0,0,0,0,0,0,0
76400,baefa66c-241c-45b9-8917-8934c5c4b250,125,0,0,0,0,0,0,0,0,0,0
76403,121f641a-7963-4789-80c4-e441b7060e27,4512,0,0,0,0,0,0,0,0,0,0
76446,21b511d4-680d-4301-a673-871e843057d1,643,0,0,0,0,0,0,0,0,0,0
76461,8bb67cbf-db5d-439e-aacd-b8efe02e4609,524,0,0,0,0,0,0,0,0,0,0
76600,95252495-af40-48ca-86a9-e202f9fa5e28,159,0,0,0,0,0,0,0,0,0,0
76762,5784fada-4110-495f-bf45-fa7df459f331,363,0,0,0,0,0,0,0,0,0,0
76934,c608e67c-5334-4981-aca1-f835925292f3,471,0,0,0,0,0,0,0,0,0,0
77013,b25c99e6-8434-4231-869b-8aebc5fd0db9,468,0,0,0,0,0,0,0,0,0,0
77050,f2b4a478-57b0-4360-a1ae-b77fa23b381f,342,0,0,0,0,0,0,0,0,0,0
77228,e37beea2-cf8a-4cb0-a3b3-93f04d4286bd,2463,0,0,0,0,0,0,0,0,0,0
77235,8c4b9bc1-c1a1-4a34-a3af-243661583a72,2334,0,0,0,0,0,0,0,0,0,0
77237,63dad1eb-71e2-4d8c-9739-56b5eeb43f6f,285,0,0,0,0,0,0,0,0,0,0
77275,e1d02e41-7b26-4c4c-bb37-06ee2449053a,863,0,0,0,0,0,0,0,0,0,0
77526,869ad6cf-d719-4e7d-8d68-d5dfb5ec0869,554,0,0,0,0,0,0,0,0,0,0
77655,b33e395f-8f8a-441c-83e6-ca1e066bc193,485,0,0,0,0,0,0,0,0,0,0
81951,9b5b409a-8027-475f-89c5-4e7b919cb0b5,150,0,0,0,0,0,0,0,0,0,0
82019,d7ea46e1-37cd-4560-a40a-374c30553d0a,1245,0,0,0,0,0,0,0,0,0,0
82025,cbd5f66e-334e-4b92-9d1b-1a92ae033ca7,119,0,0,0,0,0,0,0,0,0,0
82050,2466ac47-8dcc-4b8d-9f6b-bc8addf7a287,714,0,0,0,0,0,0,0,0,0,0
82060,82099a88-5627-41c9-9998-0ab250fe4934,268,0,0,0,0,0,0,0,0,0,0
82072,18d6ddf5-abb5-4b2a-985d-d89faffe79ae,1666,0,0,0,0,0,0,0,0,0,0
82114,aaf5763e-b6ca-44f6-ab60-efc37371b2e2,196,0,0,0,0,0,0,0,0,0,0
82115,0afbf2c0-4d98-4180-aec0-87e970ac7f14,235,0,0,0,0,0,0,0,0,0,0
82116,680b10be-e3fc-4a16-a60b-129de1de3d94,1568,0,0,0,0,0,0,0,0,0,0
82117,ae8b00c3-ef0e-4239-9fb4-5e237dc626f9,156,0,0,0,0,0,0,0,0,0,0
82118,061b782e-05de-4070-b3df-492f71af9a8b,159,0,0,0,0,0,0,0,0,0,0
82120,0c84c8e5-b9ff-4884-befc-28c5e6cd8df0,191,0,0,0,0,0,0,0,0,0,0
82141,d5d44cb6-c236-4851-b136-f0c1f417604a,2368,0,0,0,0,0,0,0,0,0,0
82143,4734c9a4-326f-4a4b-a2a8-8ac39ec3b72a,711,0,0,0,0,0,0,0,0,0,0
82151,58353131-f648-483e-8cfa-604e2dfd823e,542,0,0,0,0,0,0,0,0,0,0
82187,32686756-ac12-4f5d-b5c8-62e00e4d8331,769,0,0,0,0,0,0,0,0,0,0
82226,d0d346be-e6ee-41b7-aa10-5af33752df9f,1443,0,0,0,0,0,0,0,0,0,0
82263,20211dd3-3ed9-4185-8759-4e22852baae4,2278,0,0,0,0,0,0,0,0,0,0
82264,05a93f45-20ca-4b5a-81dd-34dc34b0d03c,486,0,0,0,0,0,0,0,0,0,0
82267,f846bf22-e448-4125-ace0-d8d6903455c1,287,0,0,0,0,0,0,0,0,0,0
82268,4123c109-4f2b-4156-9f7d-13f72458ae11,112,0,0,0,0,0,0,0,0,0,0
82862,3c68b0e8-5774-4023-9285-8b3cc20997c8,346,0,0,0,0,0,0,0,0,0,0
82868,8836c44b-4c7c-46eb-ac41-578bd3e226ef,733,0,0,0,0,0,0,0,0,0,0
83108,fa9f4021-ab28-4969-99dc-8d59695efca6,1904,0,0,0,0,0,0,0,0,0,0
83110,9ace04a7-98db-49dc-81c2-7ac89cd46a28,2404,0,0,0,0,0,0,0,0,0,0
83118,78d2c718-ba9d-44c4-a3c3-10ea9f982eb9,138,0,0,0,0,0,0,0,0,0,0
83124,ca43e9e7-62c5-498b-9069-93fc82c50e9d,2257,0,0,0,0,0,0,0,0,0,0
83125,9afe5a03-f033-4236-8770-828892c883af,1523,0,0,0,0,0,0,0,0,0,0
83129,57b4df3b-7942-460d-93d9-4c6b859e6d76,2794,0,0,0,0,0,0,0,0,0,0
83131,40a8f9fc-d66d-4955-ba5c-203dd783e5df,1369,0,0,0,0,0,0,0,0,0,0
83162,9696aac2-3f08-4101-b96d-8f63c9aeea49,417,0,0,0,0,0,0,0,0,0,0
83170,9d881240-6636-4d74-b7c1-65690e64744e,1216,0,0,0,0,0,0,0,0,0,0
83193,c47e1fdf-2961-4bb3-9249-81fdb25c9d34,361,0,0,0,0,0,0,0,0,0,0
83199,aa2b892b-c9db-4112-a577-b56f13a9fd13,112,0,0,0,0,0,0,0,0,0,0
83213,b3fae0a6-7b15-4778-9cb6-5eaa53601fb7,458,0,0,0,0,0,0,0,0,0,0
83241,8c013e08-d59f-43a3-ac9d-ed5bce397eda,1160,0,0,0,0,0,0,0,0,0,0
83242,dbe78460-17c4-426e-b401-7eb0f9804924,4938,0,0,0,0,0,0,0,0,0,0
83252,5db051d4-7336-4440-9f1f-eda660b205ae,350,0,0,0,0,0,0,0,0,0,0
83254,ec4d661e-b5aa-4660-8b0f-56374c03535f,1120,0,0,0,0,0,0,0,0,0,0
83256,0b5ffdb9-e2c9-491b-af04-15ab37ce5f38,2123,0,0,0,0,0,0,0,0,0,0
83258,05f877ab-8196-48d4-8e40-0d48ca53bbfa,709,0,0,0,0,0,0,0,0,0,0
83260,2f9dc463-52a9-484a-babf-f897dd576013,138,0,0,0,0,0,0,0,0,0,0
83264,1a5c30c2-34bc-45da-b305-3408387bb0ae,193,0,0,0,0,0,0,0,0,0,0
83265,997c82cf-adb5-40bb-ad59-1bc0207768bd,1201,0,0,0,0,0,0,0,0,0,0
83268,fff67038-bc8b-460c-a2d9-eabe559b2136,626,0,0,0,0,0,0,0,0,0,0
83270,b0ed6795-b60b-4eeb-ab33-7cf68f5c9ac9,715,0,0,0,0,0,0,0,0,0,0
83313,5d2fd2a8-ef2d-4562-bec3-84febf87bf22,734,0,0,0,0,0,0,0,0,0,0
83316,99cc9b15-3095-4a54-890b-145576ff3f96,188,0,0,0,0,0,0,0,0,0,0
84687,3777e8c7-34a6-4d30-9543-8fa8fb4eaa95,111,0,0,0,0,0,0,0,0,0,0
84747,8a22c296-daa5-4acf-b167-4286c998e54e,1478,0,0,0,0,0,0,0,0,0,0
84882,f00d10dd-1479-41be-a94d-009575ae1481,299,0,0,0,0,0,0,0,0,0,0
84945,079f0182-6fba-43d5-9857-dd8f0a479c67,302,0,0,0,0,0,0,0,0,0,0
84946,6d8936d1-dc6d-438a-9808-2dffea4c6825,47826,0,0,0,0,0,0,0,0,0,0
84949,8204e193-f884-463a-be6d-c66dfa300d36,302,0,0,0,0,0,0,0,0,0,0
84950,1a79dd6c-7340-4ffb-b577-246ea3bd0444,187,0,0,0,0,0,0,0,0,0,0
84953,fc3ec6c9-6df0-4ab7-883c-9052c44f7e1d,462,0,0,0,0,0,0,0,0,0,0
84954,518a382e-7819-4392-8466-10eef048a2ac,142,0,0,0,0,0,0,0,0,0,0
84957,fe7f496c-b1bc-4eb1-b1b9-e8e1d1807952,130,0,0,0,0,0,0,0,0,0,0
84963,7728555c-b94a-48c9-9acd-47dec69e61e8,715,0,0,0,0,0,0,0,0,0,0
85513,f2eb8493-0c6c-45e8-ba5e-79e172e61b40,197,0,0,0,0,0,0,0,0,0,0
85514,09b29533-a72e-46f8-afbb-b33ab730fcf9,204,0,0,0,0,0,0,0,0,0,0
88503,01343eb0-0766-4ddc-bb0f-3288c17dd6f1,325,0,0,0,0,0,0,0,0,0,0
88719,f1213a1a-5afb-49a0-a336-254808b4bf23,272,0,0,0,0,0,0,0,0,0,0
88740,66688969-5874-4866-aa33-58cf810140a2,198,0,0,0,0,0,0,0,0,0,0
88741,21c8a5bf-08b4-46e5-a41c-ef98d43f38d7,319,0,0,0,0,0,0,0,0,0,0
88753,3837ba43-0bcd-4f24-a592-cf32e2439f51,363,0,0,0,0,0,0,0,0,0,0
88781,9d313cb7-880c-468f-9e8b-0d85263280a5,7952,0,0,0,0,0,0,0,0,0,0
88782,ba175a56-8459-4c57-aeec-1affbd01ca23,519,0,0,0,0,0,0,0,0,0,0
88803,a6f59c21-c26e-4082-b2d7-9dcf7d060580,135,0,0,0,0,0,0,0,0,0,0
98615,cb8751fa-bac0-44ad-9b57-7db46d62a9cd,2442,0,0,0,0,0,0,0,0,0,0
98618,5d3b9c26-050e-4635-8739-def061535f76,155,0,0,0,0,0,0,0,0,0,0
98621,90989ee1-9ae9-4aec-92ad-58cc81b6c60a,269,0,0,0,0,0,0,0,0,0,0
98622,cbb05110-6b00-4df9-8299-37b07a98d058,204,0,0,0,0,0,0,0,0,0,0
98791,8c99cb62-2cd4-44f7-8029-95cba3b9d33b,142,0,0,0,0,0,0,0,0,0,0
98792,57454290-2f0d-4b43-a5b5-df5f6ce46b4c,166,0,0,0,0,0,0,0,0,0,0
98793,754f30da-5168-43e7-8fa7-cfe4d749d832,202,0,0,0,0,0,0,0,0,0,0
98795,99173c88-b29d-461b-94dd-2147da2f5f94,182,0,0,0,0,0,0,0,0,0,0
98797,b8f02bf4-bf04-4dda-b8ab-f1c5ebcf4aa6,197,0,0,0,0,0,0,0,0,0,0
98855,79aa6706-5017-4de0-8acf-f339843bb5d5,3617,0,0,0,0,0,0,0,0,0,0
98871,cdd8df68-505e-44ae-88e5-92574c0871a2,208,0,0,0,0,0,0,0,0,0,0
101448,97021aa7-c7ea-479a-8cb1-149253e4da44,216,0,0,0,0,0,0,0,0,0,0
101455,0b79980b-6a98-4ddc-97d7-ec6f2b294227,153,0,0,0,0,0,0,0,0,0,0
101456,0f155eb2-3df8-4a14-8d8b-3fb906d1d9f8,153,0,0,0,0,0,0,0,0,0,0
101457,b1edb20a-dcaf-49e3-8d35-e485f63e50be,156,0,0,0,0,0,0,0,0,0,0
101458,1b314016-27d9-447a-858d-42e8b35f7a6c,153,0,0,0,0,0,0,0,0,0,0
101459,49ec1064-422a-47cc-a908-d124f3c84b8f,190,0,0,0,0,0,0,0,0,0,0
101460,f4d9eb3a-0647-4bf7-9494-ddffaccca80c,278,0,0,0,0,0,0,0,0,0,0
101461,43f52e0f-0179-443e-9e74-4034e55d08b7,181,0,0,0,0,0,0,0,0,0,0
101478,7b58c89c-3dd2-48a9-b0cb-37076b91286a,174,0,0,0,0,0,0,0,0,0,0
101804,275f5987-470f-4dbb-a99d-b4b2ba9b7e82,203,0,0,0,0,0,0,0,0,0,0
103161,e0a237ec-7afe-4e73-9c54-166459359e21,198,0,0,0,0,0,0,0,0,0,0
103562,da96640d-da2a-42e1-a156-a5e025dba813,341,0,0,0,0,0,0,0,0,0,0
103577,fa4d74f8-eb61-4993-9c95-5901af6e4215,600,0,0,0,0,0,0,0,0,0,0
103603,8494ad2f-0dd5-4b1e-9059-9cba1544338a,918,0,0,0,0,0,0,0,0,0,0
104256,1efdc722-4086-414c-b1b5-a4445d7b8341,1751,0,0,0,0,0,0,0,0,0,0
104260,c7496023-1159-4cb3-9739-1d19f2f41c29,1092,0,0,0,0,0,0,0,0,0,0
104267,e75d4d57-79f4-4844-bbd4-582419be1aa4,856,0,0,0,0,0,0,0,0,0,0
104278,32f59321-4b89-4f2a-98fe-8fbb7f6e44ab,84,0,0,0,0,0,0,0,0,0,0
104286,f6123756-aadc-4cda-a7c0-8b578bb8c813,299,0,0,0,0,0,0,0,0,0,0
104287,10057c44-27eb-436c-8aae-648bcb120f32,371,0,0,0,0,0,0,0,0,0,0
104290,9b399d41-9bda-4252-97e8-eeae45bdf534,878,0,0,0,0,0,0,0,0,0,0
104292,928ae9f6-1f72-464e-9a2d-4c03945feb58,1566,0,0,0,0,0,0,0,0,0,0
104293,2b7ecbac-ab54-4cf9-aa87-644c4cf815fa,1561,0,0,0,0,0,0,0,0,0,0
104294,240b7a66-dc1b-44e2-a0bb-434ca8a13ebf,1552,0,0,0,0,0,0,0,0,0,0
104295,ed3b5a4e-2c74-4ac8-a518-4da32bcfda0f,1551,0,0,0,0,0,0,0,0,0,0
104296,90efd97b-1ea3-4845-aa0e-43f36bc9d16e,1567,0,0,0,0,0,0,0,0,0,0
104297,2c3c8875-8bb0-40ce-a3f0-f32c05caf2a2,140,0,0,0,0,0,0,0,0,0,0
104298,c291a613-ddf8-453f-85a0-771e29505557,386,0,0,0,0,0,0,0,0,0,0
104306,28def635-8b04-4e41-975a-fe8d2b07fa9c,203,0,0,0,0,0,0,0,0,0,0
104429,32516ad1-5043-4dc3-87bb-77b5ae9fa1f7,197,0,0,0,0,0,0,0,0,0,0
104431,496b72de-e8b9-4c9e-847f-2fb38ee33cae,368,0,0,0,0,0,0,0,0,0,0
104432,143420d0-012f-477b-99c4-fa35fce2faae,800,0,0,0,0,0,0,0,0,0,0
104433,14b882fb-7355-41c2-b003-49a224ad2966,111,0,0,0,0,0,0,0,0,0,0
104434,a9bbb7b7-22cb-4cc5-84bd-5ed6185f8afd,130,0,0,0,0,0,0,0,0,0,0
104440,e6bc3507-583b-41c8-b634-bd2b5a7f3801,453,0,0,0,0,0,0,0,0,0,0
104530,a6a23dc7-dc27-4c5e-b966-af20b7687d7b,120,0,0,0,0,0,0,0,0,0,0
104588,2971967f-8494-4044-b363-63ccf476299c,660,0,0,0,0,0,0,0,0,0,0
104608,e967d975-42d7-45f7-93d1-a9cb686063d5,84,0,0,0,0,0,0,0,0,0,0
104629,9fb9bb9f-2187-468c-b62c-36c72515c187,84,0,0,0,0,0,0,0,0,0,0
104630,fbe8a625-7889-4ae6-8d0e-0bb42e59e2d1,2240,0,0,0,0,0,0,0,0,0,0
104703,095dc69a-1f3d-4592-932e-855930be6777,107,0,0,0,0,0,0,0,0,0,0
104722,cc729046-9aa4-444d-937e-5f6e2892893e,519,0,0,0,0,0,0,0,0,0,0
104821,c577b7e9-0fa7-44e5-a7ff-a22a043727dd,1960,0,0,0,0,0,0,0,0,0,0
104847,00f439fc-f9f7-4d43-b2ea-1b45e26deb63,434,0,0,0,0,0,0,0,0,0,0
104853,fefcbe28-cba0-4839-a07e-2def223d962b,176,0,0,0,0,0,0,0,0,0,0
105056,c6d53405-61b4-42e4-8802-92afddb8aaa7,321,0,0,0,0,0,0,0,0,0,0
105437,31f66c08-1b69-4be2-99ad-31f8d48bca82,96,0,0,0,0,0,0,0,0,0,0
107139,fb1515a2-cbf6-4f40-940b-e1b19b024e3e,850,0,0,0,0,0,0,0,0,0,0
107610,87921d78-4045-4d22-8dc5-b7c7cea069c0,84,0,0,0,0,0,0,0,0,0,0
107611,3ecc9c03-4e6e-450e-923d-f72253a17ba8,298,0,0,0,0,0,0,0,0,0,0
115506,a614305f-b6c6-4275-a8b5-fb0d0e43e4de,84,0,0,0,0,0,0,0,0,0,0
115519,e533124d-37c0-4dec-a519-62b521758e70,479,0,0,0,0,0,0,0,0,0,0
115794,d10ab87f-5b5d-47b5-a874-23293751563e,1120,0,0,0,0,0,0,0,0,0,0
115810,ade57c41-d8cc-446e-a044-57dadde0d37c,693,0,0,0,0,0,0,0,0,0,0
115827,cb06771b-5713-4e04-b7ce-ac4d2e6e0656,308,0,0,0,0,0,0,0,0,0,0
115840,5457d73a-e0e7-4949-b609-e46c2fdc8412,444,0,0,0,0,0,0,0,0,0,0
118226,ab5e57e9-7465-435d-ae17-79d358305b16,152,0,0,0,0,0,0,0,0,0,0
118236,ba26d137-de4f-42ef-916d-d71a5f8a93f4,111,0,0,0,0,0,0,0,0,0,0
138053,b33832a9-d2d7-405f-8d5d-0ec3aac5f062,619,0,0,0,0,0,0,0,0,0,0
138054,aafe44ee-2fee-4b78-8794-90b92a882eac,243,0,0,0,0,0,0,0,0,0,0
138058,ed3398ab-1151-4e75-8d3b-6eb9224719df,1998,0,0,0,0,0,0,0,0,0,0
138083,63d65dc0-978e-4e31-9279-5986d28ef224,130,0,0,0,0,0,0,0,0,0,0
138179,24a59402-9b3b-48c4-842d-3bc97d914da4,428,0,0,0,0,0,0,0,0,0,0
138388,da5ef302-5cee-4591-8286-908c1a38e6b5,245,0,0,0,0,0,0,0,0,0,0
138470,a94b30e0-0075-4455-bc28-bff0037b9a43,136,0,0,0,0,0,0,0,0,0,0
138488,93263f1f-6c36-4cd0-80ef-b5a9a65140a9,425,0,0,0,0,0,0,0,0,0,0
138634,7933fe01-c8c7-4575-b8fa-0dc238698545,1525,0,0,0,0,0,0,0,0,0,0
138637,c8205e51-26ed-4cde-9eb9-12ea6241c494,473,0,0,0,0,0,0,0,0,0,0
138638,80d7477d-e06b-49c2-bf48-7e60c91720cd,173,0,0,0,0,0,0,0,0,0,0
138639,b51bf03a-a254-4db4-a56a-f723dc29ec3c,1947,0,0,0,0,0,0,0,0,0,0
138655,8e1fbfab-7387-4488-b74c-89c854d806ba,590,0,0,0,0,0,0,0,0,0,0
138661,d24b8424-79a5-40a0-b1f2-3f5f6e8ba3a7,138,0,0,0,0,0,0,0,0,0,0
138662,6ff095db-2bbe-43c7-9041-96137e726e07,136,0,0,0,0,0,0,0,0,0,0
138663,fe65b51a-102e-47fa-b33f-46e5e0bc813a,628,0,0,0,0,0,0,0,0,0,0
138664,f1be7fc0-bbf9-42f7-9a28-044f279322fc,1170,0,0,0,0,0,0,0,0,0,0
138665,c73b8274-bf2c-4347-a8af-f16412afec09,596,0,0,0,0,0,0,0,0,0,0
138666,8c87f49d-ade1-436f-8d2d-528432ad03cf,84,0,0,0,0,0,0,0,0,0,0
138667,d6c12df0-44d0-44d4-8143-73f0e4529ea8,132,0,0,0,0,0,0,0,0,0,0
138668,8a132ba6-3993-423f-a326-1d7119612777,84,0,0,0,0,0,0,0,0,0,0
138669,41a9da02-4df1-4c88-9e96-a7c937fce783,156,0,0,0,0,0,0,0,0,0,0
138670,def5a452-9edc-4def-b4a7-f5ea3173d178,928,0,0,0,0,0,0,0,0,0,0
138804,c630e139-ef30-48b6-a4ca-423c97900065,435,0,0,0,0,0,0,0,0,0,0
138931,07061bed-1311-418f-b900-e7dd70f2bed8,181,0,0,0,0,0,0,0,0,0,0
139009,5aed60d4-f679-49cc-bd3d-22bad4159f2e,85,0,0,0,0,0,0,0,0,0,0
139027,6ff50a87-90a2-450d-9fc8-3c07be15d4a7,962,0,0,0,0,0,0,0,0,0,0
139378,4aa727a0-6f3c-452f-bf4d-4ea1fc359e02,1470,0,0,0,0,0,0,0,0,0,0
140608,9139239c-d5cb-44bd-8cc3-030242e15ae5,163,0,0,0,0,0,0,0,0,0,0
140609,7ba10093-2e57-4c9c-aa3d-52d3d4626823,972,0,0,0,0,0,0,0,0,0,0
140613,4de09d68-2972-4be5-b5cc-dde5a7010c85,166,0,0,0,0,0,0,0,0,0,0
140644,f9b630c3-94be-4b07-9fca-4f61d823b3d6,923,0,0,0,0,0,0,0,0,0,0
140645,5eaab953-28f9-4167-a85c-84e150958bd0,4786,0,0,0,0,0,0,0,0,0,0
140651,74501f62-8a44-4841-9bb5-a421e74a3d7b,625,0,0,0,0,0,0,0,0,0,0
140660,92a56aac-bb79-4167-8db4-0491995e02e9,138,0,0,0,0,0,0,0,0,0,0
140967,d225218c-332d-48bb-b685-13fde69499d8,2886,0,0,0,0,0,0,0,0,0,0
140969,951a9361-5a28-43fb-9f15-8e1b0041feba,143,0,0,0,0,0,0,0,0,0,0
140971,5f000e54-bfa9-495e-ad8c-598456b6d9dc,1201,0,0,0,0,0,0,0,0,0,0
140984,98712ca1-52be-4c5b-8e93-9a03d3f756f9,187,0,0,0,0,0,0,0,0,0,0
141031,12d9ece9-bd2c-4623-8477-0a615c426b09,262,0,0,0,0,0,0,0,0,0,0
141032,d7387118-a4a4-4822-880a-7bc06de987f3,318,0,0,0,0,0,0,0,0,0,0
141033,87eb077b-371a-480e-a97c-685ef7780fac,1170,0,0,0,0,0,0,0,0,0,0
141034,978636c3-0f4a-4c38-ac4a-a02cfee413dd,555,0,0,0,0,0,0,0,0,0,0
141255,6ec29837-29be-480b-a323-bc77e323ca0a,283,0,0,0,0,0,0,0,0,0,0
141329,4a1bbfde-bdc5-4462-885e-837d64d21723,144,0,0,0,0,0,0,0,0,0,0
141331,c3641942-3797-44fc-bde3-559eabf566df,291,0,0,0,0,0,0,0,0,0,0
141342,8bbc4cf2-8de6-454a-8fe9-35aa619f5c17,380,0,0,0,0,0,0,0,0,0,0
141365,5c12c6d6-a3fb-40dc-a1a9-c7085c75f723,279,0,0,0,0,0,0,0,0,0,0
141377,e9dbb15f-5771-43b3-9e27-d5120871095a,167,0,0,0,0,0,0,0,0,0,0
141384,b50da9ce-2f92-402d-93f6-d4c8621fb3c8,499,0,0,0,0,0,0,0,0,0,0
141401,f5ed4632-afaf-45a9-a9bb-e005b589af18,146,0,0,0,0,0,0,0,0,0,0
141460,e3de2e80-8b84-4b9b-9d75-b0a4f554f286,242,0,0,0,0,0,0,0,0,0,0
141461,34a51803-694d-4f0a-b96f-4d1ff026d541,97,0,0,0,0,0,0,0,0,0,0
141462,63283815-d832-4533-9ed3-931912aa35c2,381,0,0,0,0,0,0,0,0,0,0
141992,6978549e-e7c2-4283-a5ef-8678a20def8d,204,0,0,0,0,0,0,0,0,0,0
141994,5c359f46-d039-4324-95bd-f6e02af3b1f6,550,0,0,0,0,0,0,0,0,0,0
141996,694af85f-0b95-454b-9a97-674e5e3cbde3,891,0,0,0,0,0,0,0,0,0,0
141997,3706a3f3-68bb-4799-b5fd-accb86173607,6203,0,0,0,0,0,0,0,0,0,0
142521,bc55b776-7271-48d7-bd00-03f6d01f8604,1062,0,0,0,0,0,0,0,0,0,0
142522,977684a2-2fe6-4e0f-99ec-6d6f97b00e24,111,0,0,0,0,0,0,0,0,0,0
142524,b3efa757-11f8-42b6-89cb-75dd8273e135,111,0,0,0,0,0,0,0,0,0,0
142525,10b556eb-4b05-4931-9591-fe95a50739bb,124,0,0,0,0,0,0,0,0,0,0
142526,81bc6f5d-63ac-47ba-8f11-9ce882c25409,350,0,0,0,0,0,0,0,0,0,0
142572,e2c87ce1-c7e5-4a11-96f2-509b135ea36d,658,0,0,0,0,0,0,0,0,0,0
142573,f51efa8b-ed10-4389-a1a3-6c26d8fd256e,186,0,0,0,0,0,0,0,0,0,0
142576,8319e6b7-234c-4aa8-907f-279aa470cd3e,84,0,0,0,0,0,0,0,0,0,0
142583,c0fac4bc-45ea-42d6-a467-78b4238e464e,511,0,0,0,0,0,0,0,0,0,0
142585,593ac8fa-ca06-4a64-811f-20e60c8f854b,153,0,0,0,0,0,0,0,0,0,0
142586,73ded93e-875e-4ca5-9602-0cccec0e56b4,135,0,0,0,0,0,0,0,0,0,0
200004,4c6a949d-f14b-41a1-8da1-a6c7b6992691_v2,338,0,0,0,0,0,0,0,0,0,0
200008,f795b2a0-1d55-4171-8a1c-c7946283b2d0_v2,338,0,0,0,0,0,0,0,0,0,0
200009,74083266-db90-410b-98a4-ec8bc428b455_v2,255,0,0,0,0,0,0,0,0,0,0
200033,6e877463-1dd5-4bbb-adc2-141bcd6fb516_v2,218,0,0,0,0,0,0,0,0,0,0
200034,0397d09f-d256-4039-82f0-134719a34ac4_v2,715,0,0,0,0,0,0,0,0,0,0
200036,d87f81d4-0cc2-4815-aae3-576bf61a2f5e_v2,163,0,0,0,0,0,0,0,0,0,0
200037,5e946f94-21e7-48bd-910a-344028194212_v2,380,0,0,0,0,0,0,0,0,0,0
200038,6839db0a-e316-47ff-95d4-95be35df5c7c_v2,402,0,0,0,0,0,0,0,0,0,0
200039,9798d3a4-8333-43d8-abbf-d1eeda668b54_v2,125,0,0,0,0,0,0,0,0,0,0
200040,6d99c34c-8b78-434b-86b7-04fded558aeb_v2,197,0,0,0,0,0,0,0,0,0,0
200041,86665cea-c890-415f-ab11-153cb2e86fce_v2,570,0,0,0,0,0,0,0,0,0,0
200042,982134ff-81d7-4705-843b-ef70b5465e92_v2,161,0,0,0,0,0,0,0,0,0,0
200045,db3ff3d1-6fef-40e4-acef-38d0b24ebaf0_v2,113,0,0,0,0,0,0,0,0,0,0
200193,6eaae411-7654-40dd-b0c9-154d7c508deb_v2,1422,0,0,0,0,0,0,0,0,0,0
200214,9d841aed-f819-46c9-b0bf-4b39913aa379_v2,1709,0,0,0,0,0,0,0,0,0,0
200259,2e50da38-4050-48a3-9988-af7740a3576c_v2,1426,0,0,0,0,0,0,0,0,0,0
200260,fa93607b-91b6-4829-a30a-38ce857c98e0_v2,238,0,0,0,0,0,0,0,0,0,0
200262,48e76358-031e-4362-be2e-b45ba3d46a15_v2,788,0,0,0,0,0,0,0,0,0,0
200266,563fd2c1-7004-4d72-bcbe-8fa61638765e_v2,226,0,0,0,0,0,0,0,0,0,0
200361,683a7c77-4cfa-452d-a3f8-5223054dc95e_v2,192,0,0,0,0,0,0,0,0,0,0
200377,ed48d3b0-68ff-4ca9-98f0-29cef0f8a935_v2,1503,0,0,0,0,0,0,0,0,0,0
200378,a14acf30-2380-48c6-b9cb-1db0b7d0991b_v2,85,0,0,0,0,0,0,0,0,0,0
200384,463b4eba-2b84-47db-a44d-51abbbcd9774_v2,354,0,0,0,0,0,0,0,0,0,0
200424,39190877-f633-4e92-885b-475bc0437bff_v2,85,0,0,0,0,0,0,0,0,0,0
200449,d890c998-fa2e-4c0d-ab6c-5d139bdfbf1e_v2,136,0,0,0,0,0,0,0,0,0,0
200457,23364b56-8329-4846-b577-a4e0c3a361b9_v2,558,0,0,0,0,0,0,0,0,0,0
200460,dbe63fde-b9fb-4f6a-8800-8ce2f0bb0c4e_v2,454,0,0,0,0,0,0,0,0,0,0
200461,868fbb3e-6893-475c-b356-a1560eaee34e_v2,157,0,0,0,0,0,0,0,0,0,0
200486,83865a73-1bda-453a-bdca-ede1018ec456_v2,1202,0,0,0,0,0,0,0,0,0,0
200487,e431a784-76c5-4de3-9e9a-e5a03115fa93_v2,1125,0,0,0,0,0,0,0,0,0,0
200488,5c82d1cd-1483-4b02-b754-daf6e805cbe0_v2,581,0,0,0,0,0,0,0,0,0,0
200503,0cc2c5bd-1542-4d77-9c89-115a7c015c87_v2,1612,0,0,0,0,0,0,0,0,0,0
200508,f916fd2c-3ced-4c2f-a425-5326b47f4ba7_v2,143,0,0,0,0,0,0,0,0,0,0
200520,03c6fe3c-1f41-45d0-8fc3-9b59aae48844_v2,703,0,0,0,0,0,0,0,0,0,0
200521,2ecfc97f-2c9e-4f5c-b3a8-a19e588efd86_v2,221,0,0,0,0,0,0,0,0,0,0
200523,b1d80baa-7286-4963-8472-052cd2810b46_v2,4325,0,0,0,0,0,0,0,0,0,0
200524,1b54b2fb-4bdf-4bc3-ae15-fad54db2fc71_v2,313,0,0,0,0,0,0,0,0,0,0
200553,ccc2754b-8bd4-4c82-9076-5f5db37fd40e_v2,226,0,0,0,0,0,0,0,0,0,0
200558,f229f768-8398-4682-ba3a-d89e8b368dcf_v2,2357,0,0,0,0,0,0,0,0,0,0
200559,bdbfcd92-4826-4f6e-94be-f4ada972431b_v2,714,0,0,0,0,0,0,0,0,0,0
200560,ed2519d5-46ac-4c9d-9581-badce7f78739_v2,201,0,0,0,0,0,0,0,0,0,0
200561,4bfe37d8-a49f-40fc-aba4-0faeafa7dee0_v2,2786,0,0,0,0,0,0,0,0,0,0
200664,5a5f679b-8a8b-42c4-bdfc-590f0ef8f3bc_v2,309,0,0,0,0,0,0,0,0,0,0
200665,69a2b8a4-0f4d-4979-b1eb-49a3a275bf6d_v2,489,0,0,0,0,0,0,0,0,0,0
200694,7763b5e0-b096-4922-a391-1a571022ec0a_v2,233,0,0,0,0,0,0,0,0,0,0
200845,3e0e6a88-c6fd-4111-ae10-b9cbab835942_v2,441,0,0,0,0,0,0,0,0,0,0
200849,9402007c-03ae-49b5-a84a-6fa33844bdc9_v2,1458,0,0,0,0,0,0,0,0,0,0
200850,e7b5f2a1-594e-4e8d-a0e1-1e7248847acf_v2,469,0,0,0,0,0,0,0,0,0,0
200852,e51f9c86-cb83-434b-856f-b3f9bd6d150c_v2,306,0,0,0,0,0,0,0,0,0,0
200853,74122697-e69f-44b3-b76c-b72c45260fee_v2,2144,0,0,0,0,0,0,0,0,0,0
200860,d0ccdd9b-910c-41a6-869f-55741de51f6e_v2,213,0,0,0,0,0,0,0,0,0,0
200890,2d12be59-d56a-4cac-b562-b098dfac58ae_v2,143,0,0,0,0,0,0,0,0,0,0
200914,d38c08ba-29de-4642-8779-16345c743732_v2,997,0,0,0,0,0,0,0,0,0,0
200920,c48559e2-d252-4045-8217-8261e8ed6fbf_v2,171,0,0,0,0,0,0,0,0,0,0
200926,3ee4c362-1876-4b80-84a1-825d7ffdab72_v2,174,0,0,0,0,0,0,0,0,0,0
200930,10208187-7fb4-45c1-a448-75160364a551_v2,513,0,0,0,0,0,0,0,0,0,0
200967,de4282c7-1b9f-4a45-8748-c5b81631e150_v2,972,0,0,0,0,0,0,0,0,0,0
200972,57bd7924-f189-4940-a0f3-624cd6a6d94d_v2,231,0,0,0,0,0,0,0,0,0,0
200975,ade117cc-e262-4b60-aeac-1c184358030b_v2,654,0,0,0,0,0,0,0,0,0,0
201021,236f8c6a-03c9-45d6-b724-1c0423b2351f_v2,117,0,0,0,0,0,0,0,0,0,0
201039,edb5ba63-6c1f-4359-be8a-e62654230436_v2,6484,0,0,0,0,0,0,0,0,0,0
201046,3d500103-70b9-494e-a067-8daf0758c613_v2,579,0,0,0,0,0,0,0,0,0,0
201047,c8920c72-42df-47b3-a6eb-e5caa1060013_v2,162,0,0,0,0,0,0,0,0,0,0
201055,84e0492e-ec84-40df-bbe1-0a4a80768db9_v2,1057,0,0,0,0,0,0,0,0,0,0
201069,d2dd54c1-4ace-4c51-99a5-8cea2b71479f_v2,131,0,0,0,0,0,0,0,0,0,0
201086,cf69d51d-f4b7-46d8-925b-bd6b7b6ec882_v2,371,0,0,0,0,0,0,0,0,0,0
201087,05192edb-67a1-4c30-a65e-f6b039715501_v2,1654,0,0,0,0,0,0,0,0,0,0
201091,ef9eb6a1-3b33-4278-82f5-be5039fd856c_v2,84,0,0,0,0,0,0,0,0,0,0
201098,7db339ef-981f-4c7b-93a6-e8e5af742ec8_v2,111,0,0,0,0,0,0,0,0,0,0
201118,88f8b6fe-d6f7-46c4-9c6b-fe805430a1e1_v2,93,0,0,0,0,0,0,0,0,0,0
201123,2c6c6152-1a02-4f45-8089-fd6d454ffa50_v2,965,0,0,0,0,0,0,0,0,0,0
201124,b3d9a3e6-abc2-43a1-8fce-73f661aef841_v2,4174,0,0,0,0,0,0,0,0,0,0
201126,e4b55d14-0d28-4ddf-8998-dc1ffe776aee_v2,155,0,0,0,0,0,0,0,0,0,0
201132,31d52a6a-960d-4061-92b9-e25dbc55591f_v2,207,0,0,0,0,0,0,0,0,0,0
201133,3405ddd8-225e-48ad-a4b1-ef44fc23a19a_v2,119,0,0,0,0,0,0,0,0,0,0
201134,14b7b178-4c16-43fa-8de6-3e372084a3e7_v2,94,0,0,0,0,0,0,0,0,0,0
201258,39ddbb1e-6513-4b04-abad-e546c53f4370_v2,452,0,0,0,0,0,0,0,0,0,0
201266,a0ffa6ca-a355-4f4f-9a7c-9a5803079674_v2,1183,0,0,0,0,0,0,0,0,0,0
201314,28ec06e6-1dac-475b-99ab-53629f9d0778_v2,1431,0,0,0,0,0,0,0,0,0,0
201317,ab14d3cf-124e-449c-a93f-a4450d71f7c3_v2,1581,0,0,0,0,0,0,0,0,0,0
201388,a12b2f34-c1e9-4bda-9aa4-4fc58d22aac6_v2,559,0,0,0,0,0,0,0,0,0,0
201393,8197db8a-44e2-4d3d-8ead-abfd08c17fa9_v2,7839,0,0,0,0,0,0,0,0,0,0
201465,23f2cfb2-50b6-445f-a6ba-612191c76d7d_v2,3979,0,0,0,0,0,0,0,0,0,0
201467,1f32ae2c-49a6-4a26-8a17-dfc7f3399d67_v2,484,0,0,0,0,0,0,0,0,0,0
201510,384ea332-70e3-4837-965e-c674a8026834_v2,265,0,0,0,0,0,0,0,0,0,0
201523,7536b262-c50d-4763-a267-d0e8a9e326e4_v2,1470,0,0,0,0,0,0,0,0,0,0
201524,b920a793-b30d-4e63-900f-66b34d9e1e71_v2,2225,0,0,0,0,0,0,0,0,0,0
201527,a032d4bd-ea86-44b4-bf11-77c6ff4a976e_v2,484,0,0,0,0,0,0,0,0,0,0
201528,1f8e6dce-34fc-4289-9583-ea8a57ee95ae_v2,1516,0,0,0,0,0,0,0,0,0,0
201529,772c08c0-deff-4432-9eaa-9b59b0a57916_v2,251,0,0,0,0,0,0,0,0,0,0
201567,e6d13215-2eea-407f-ad1c-20b989f57394_v2,316,0,0,0,0,0,0,0,0,0,0
201568,8b849cbd-94f1-4781-acc9-f1c28b4cf8db_v2,4321,0,0,0,0,0,0,0,0,0,0
201574,430c4e3e-ead8-480e-9654-ca57e2486d90_v2,1245,0,0,0,0,0,0,0,0,0,0
201606,357c93c1-6744-41f8-87e1-02235f1f91b6_v2,635,0,0,0,0,0,0,0,0,0,0
202181,d41f711b-e8ac-4362-949a-5ec9f2573e11_v2,2350,0,0,0,0,0,0,0,0,0,0
202187,63115387-c428-45fc-b79d-3c2857ef743a_v2,262,0,0,0,0,0,0,0,0,0,0
203833,97b0678c-ab1d-440f-b215-5caf19ceb921_v2,486,0,0,0,0,0,0,0,0,0,0
204807,eb7fd8b3-341f-4382-a14f-cb283afcb6d5_v2,203,0,0,0,0,0,0,0,0,0,0
204906,43070dd2-55ff-42a6-a030-cbb48b95b84e_v2,333,0,0,0,0,0,0,0,0,0,0
204908,04c8a558-518d-4846-bb4c-af260988f56a_v2,1800,0,0,0,0,0,0,0,0,0,0
204913,0469dd49-5ae0-4224-bc36-5250f80c2a68_v2,4944,0,0,0,0,0,0,0,0,0,0
205035,d1f4e2b0-201a-44c6-887d-0aa88ad9a347_v2,1172,0,0,0,0,0,0,0,0,0,0
205040,ab5f091a-c6cf-4a40-b987-1d1fbe649b0c_v2,365,0,0,0,0,0,0,0,0,0,0
205044,0538d76d-7f0e-483a-97ba-1b1001be5191_v2,210,0,0,0,0,0,0,0,0,0,0
205045,d46e6cf4-1b8b-4dfb-9b34-fe2ebc4f396a_v2,1955,0,0,0,0,0,0,0,0,0,0
205049,f71a842c-1686-44ed-a056-40542c3a5355_v2,5462,0,0,0,0,0,0,0,0,0,0
205050,63be87ed-a212-43c3-a92f-7ab4855e2c8c_v2,497,0,0,0,0,0,0,0,0,0,0
205053,ffb170f1-5a74-4206-aaf1-58f8d5fa1ecd_v2,5901,0,0,0,0,0,0,0,0,0,0
205055,1466eb54-46fc-4465-b3cc-588e3d801870_v2,578,0,0,0,0,0,0,0,0,0,0
205128,9556aa6c-1fe2-4258-a6dd-a9853ff821c9_v2,774,0,0,0,0,0,0,0,0,0,0
205130,cc470b69-3f2d-4c71-8cf1-a48ebc00c536_v2,130,0,0,0,0,0,0,0,0,0,0
205693,a2a36b0c-b547-4cff-b2ff-054a17273a8a_v2,145,0,0,0,0,0,0,0,0,0,0
205814,4a372421-4fd1-4811-8282-61fa747ff342_v2,545,0,0,0,0,0,0,0,0,0,0
205820,3d59eeac-7bb0-4e10-b2f2-178b27bd2308_v2,3176,0,0,0,0,0,0,0,0,0,0
205898,2551ab5b-354f-4a7e-bcb7-17b0b037a98b_v2,239,0,0,0,0,0,0,0,0,0,0
205919,3826c470-ed34-44b7-b759-3d8718489c9d_v2,589,0,0,0,0,0,0,0,0,0,0